{
    "aatrox": [
        "poppy",
        "singed",
        "vayne"
    ],
    "ahri": [
        "tristana",
        "yasuo",
        "irelia"
    ],
    "akali": [
        "tristana",
        "twisted fate",
        "pantheon"
    ],
    "alistar": [
        "velkoz",
        "swain",
        "brand"
    ],
    "amumu": [
        "karthus",
        "nidalee",
        "khazix"
    ],
    "anivia": [
        "yasuo",
        "twisted fate",
        "irelia"
    ],
    "annie": [
        "diana",
        "irelia",
        "yasuo"
    ],
    "ashe": [
        "draven",
        "kalista",
        "tristana"
    ],
    "aurelion sol": [
        "irelia",
        "fizz",
        "zed"
    ],
    "azir": [
        "irelia",
        "twisted fate",
        "ziggs"
    ],
    "bard": [
        "heimerdinger",
        "velkoz"
    ],
    "blitzcrank": [
        "heimerdinger",
        "brand"
    ],
    "brand": [
        "xerath",
        "velkoz"
    ],
    "braum": [
        "xerath",
        "lux",
        "brand"
    ],
    "caitlyn": [
        "draven",
        "kalista",
        "varus"
    ],
    "camille": [
        "warwick",
        "tryndamere",
        "renekton"
    ],
    "cassiopeia": [
        "yasuo",
        "ziggs",
        "irelia"
    ],
    "chogath": [
        "kled",
        "volibear",
        "aatrox"
    ],
    "corki": [
        "diana",
        "tristana",
        "yasuo"
    ],
    "darius": [
        "vayne",
        "pantheon",
        "kled"
    ],
    "diana": [
        "swain",
        "anivia",
        "ryze"
    ],
    "drmundo": [
        "tryndamere",
        "aatrox",
        "yorick"
    ],
    "draven": [
        "ziggs",
        "miss fortune",
        "kogmaw"
    ],
    "ekko": [
        "kassadin",
        "pantheon",
        "talon"
    ],
    "elise": [
        "nidalee",
        "rengar",
        "diana"
    ],
    "evelynn": [
        "karthus",
        "nidalee",
        "talon"
    ],
    "ezreal": [
        "draven",
        "kalista"
    ],
    "fiddlesticks": [
        "talon",
        "karthus",
        "nidalee"
    ],
    "fiora": [
        "urgot",
        "nasus",
        "quinn"
    ],
    "fizz": [
        "pantheon",
        "yasuo",
        "irelia"
    ],
    "galio": [
        "pantheon",
        "twisted fate",
        "talon"
    ],
    "gangplank": [
        "rengar",
        "tryndamere",
        "irelia"
    ],
    "garen": [
        "tryndamere",
        "darius",
        "teemo"
    ],
    "gnar": [
        "irelia",
        "yasuo",
        "tryndamere"
    ],
    "gragas": [
        "hecarim",
        "karthus",
        "nidalee"
    ],
    "graves": [
        "nidalee",
        "talon",
        "master yi"
    ],
    "hecarim": [
        "talon",
        "khazix",
        "nidalee"
    ],
    "heimerdinger": [
        "brand",
        "xerath",
        "velkoz"
    ],
    "illaoi": [
        "tryndamere",
        "irelia",
        "yorick"
    ],
    "irelia": [
        "renekton",
        "pantheon",
        "yasuo"
    ],
    "ivern": [
        "nidalee",
        "karthus",
        "hecarim"
    ],
    "janna": [
        "xerath",
        "velkoz"
    ],
    "jarvan iv": [
        "nidalee",
        "karthus",
        "master yi"
    ],
    "jax": [
        "illaoi",
        "akali",
        "kennen"
    ],
    "jayce": [
        "irelia",
        "yasuo",
        "diana"
    ],
    "jhin": [
        "draven",
        "kalista",
        "tristana",
        "varus"
    ],
    "jinx": [
        "draven",
        "kalista",
        "varus"
    ],
    "kalista": [
        "twitch",
        "draven",
        "miss fortune"
    ],
    "karma": [
        "poppy",
        "akali",
        "nasus"
    ],
    "karthus": [
        "nidalee",
        "master yi",
        "ekko"
    ],
    "kassadin": [
        "talon",
        "anivia",
        "annie"
    ],
    "katarina": [
        "kassadin",
        "vladimir",
        "annie"
    ],
    "kayle": [
        "irelia",
        "tryndamere",
        "kled"
    ],
    "kayn": [
        "nidalee",
        "master yi",
        "hecarim"
    ],
    "kennen": [
        "khazix",
        "nidalee",
        "karthus"
    ],
    "khazix": [
        "nidalee",
        "karthus",
        "rengar"
    ],
    "kindred": [
        "nidalee",
        "master yi",
        "khazix"
    ],
    "kled": [
        "vayne",
        "teemo",
        "fiora"
    ],
    "kogmaw": [
        "draven",
        "kalista",
        "tristana"
    ],
    "leblanc": [
        "irelia",
        "diana",
        "yasuo"
    ],
    "lee sin": [
        "karthus",
        "nidalee",
        "hecarim"
    ],
    "leona": [
        "velkoz",
        "swain",
        "brand"
    ],
    "lissandra": [
        "ziggs",
        "irelia",
        "twisted fate"
    ],
    "lucian": [
        "draven",
        "kalista",
        "varus"
    ],
    "lulu": [
        "zyra",
        "brand"
    ],
    "lux": [
        "twisted fate",
        "annie",
        "swain"
    ],
    "malphite": [
        "sion",
        "mordekaiser",
        "volibear"
    ],
    "malzahar": [
        "twisted fate",
        "irelia",
        "fizz"
    ],
    "maokai": [
        "kled",
        "illaoi",
        "mordekaiser"
    ],
    "master yi": [
        "nidalee",
        "khazix",
        "hecarim"
    ],
    "miss fortune": [
        "draven",
        "kalista",
        "tristana"
    ],
    "mordekaiser": [
        "olaf",
        "kled",
        "tryndamere"
    ],
    "morgana": [
        "velkoz",
        "xerath",
        "zyra"
    ],
    "nami": [
        "xerath",
        "zyra",
        "velkoz"
    ],
    "nasus": [
        "tahm kench",
        "camille",
        "olaf"
    ],
    "nautilus": [
        "heimerdinger",
        "swain",
        "brand"
    ],
    "nidalee": [
        "hecarim",
        "master yi",
        "rengar"
    ],
    "nocturne": [
        "nidalee",
        "hecarim",
        "karthus"
    ],
    "nunu": [
        "master yi",
        "nidalee",
        "kindred"
    ],
    "olaf": [
        "kled",
        "renekton",
        "illaoi"
    ],
    "orianna": [
        "ziggs",
        "aurelion sol",
        "talon"
    ],
    "ornn": [
        "olaf",
        "shen",
        "fiora"
    ],
    "pantheon": [
        "xerath",
        "swain",
        "ryze"
    ],
    "poppy": [
        "hecarim",
        "talon",
        "karthus"
    ],
    "quinn": [
        "gragas",
        "vayne",
        "drmundo"
    ],
    "rakan": [
        "zyra",
        "janna"
    ],
    "rammus": [
        "udyr",
        "karthus",
        "nunu"
    ],
    "reksai": [
        "shyvana",
        "nocturne",
        "kindred"
    ],
    "renekton": [
        "nasus",
        "vayne",
        "illaoi"
    ],
    "rengar": [
        "shyvana",
        "karthus",
        "master yi"
    ],
    "riven": [
        "quinn",
        "kennen",
        "renekton"
    ],
    "rumble": [
        "poppy",
        "irelia",
        "tahm kench"
    ],
    "ryze": [
        "galio",
        "malzahar",
        "katarine"
    ],
    "sejuani": [
        "amumu",
        "hecarim",
        "karthus"
    ],
    "shaco": [
        "karthus",
        "ivern",
        "evelynn"
    ],
    "shen": [
        "urgot",
        "vayne",
        "kayle"
    ],
    "shyvana": [
        "ivern",
        "poppy",
        "evelynn"
    ],
    "singed": [
        "vayne",
        "fiora",
        "gangplank"
    ],
    "sion": [
        "singed",
        "aatrox",
        "fiora"
    ],
    "sivir": [
        "vayne",
        "draven",
        "lucian"
    ],
    "skarner": [
        "ivern",
        "karthus",
        "jarvan iv"
    ],
    "sona": [],
    "soraka": [],
    "swain": [
        "ekko",
        "katarina",
        "viktor"
    ],
    "syndra": [
        "fizz",
        "swain",
        "katarina"
    ],
    "tahm kench": [
        "olaf",
        "riven",
        "shen"
    ],
    "taliyah": [
        "evelynn",
        "talon",
        "aurelion sol"
    ],
    "talon": [
        "ziggs",
        "swain",
        "lux"
    ],
    "taric": [],
    "teemo": [
        "tahm kench",
        "chogath",
        "ornn"
    ],
    "thresh": [],
    "tristana": [
        "twitch",
        "kogmaw",
        "jhin"
    ],
    "trundle": [
        "karthus",
        "fiddlesticks",
        "jarvan iv"
    ],
    "tryndamere": [
        "malphite",
        "poppy",
        "tahm kench"
    ],
    "twisted fate": [
        "vladimir",
        "swain",
        "taliyah"
    ],
    "twitch": [
        "draven",
        "lucian",
        "vayne"
    ],
    "udyr": [
        "reksai",
        "master yi",
        "poppy"
    ],
    "urgot": [
        "kayle",
        "tryndamere",
        "nasus"
    ],
    "varus": [
        "kogmaw",
        "miss fortune",
        "twitch"
    ],
    "vayne": [
        "twitch",
        "miss fortune",
        "draven"
    ],
    "veigar": [
        "swain",
        "kassadin",
        "ekko"
    ],
    "velkoz": [
        "ekko",
        "corki",
        "taliyah"
    ],
    "vi": [
        "reksai",
        "kindred",
        "nocturne"
    ],
    "viktor": [
        "kassadin",
        "akali",
        "talon"
    ],
    "vladimir": [
        "ryze",
        "annie",
        "swain"
    ],
    "volibear": [
        "vayne",
        "drmundo",
        "kayle"
    ],
    "warwick": [
        "jax",
        "nocturne",
        "zac"
    ],
    "wukong": [
        "ivern",
        "hecarim",
        "shyvana"
    ],
    "xayah": [
        "ziggs",
        "miss fortune",
        "ashe"
    ],
    "xerath": [
        "diana",
        "fizz",
        "annie"
    ],
    "xin zhao": [
        "karthus",
        "kindred",
        "reksai"
    ],
    "yasuo": [
        "malphite",
        "swain",
        "taliyah",
        "malzahar",
        "viktor"
    ],
    "yorick": [
        "irelia",
        "shen",
        "malphite",
        "jax"
    ],
    "zac": [
        "ekko",
        "kayn",
        "master yi"
    ],
    "zed": [
        "garen",
        "malphite",
        "swain",
        "rumble"
    ],
    "ziggs": [
        "xerath",
        "fizz",
        "anivia"
    ],
    "zilean": [],
    "zyra": []
}